Bridgeport,CT
New Haven,CT
Stamford,CT
Hartford,CT
Waterbury,CT
Norwalk,CT
Danbury,CT
New Britain,CT
West Hartford,CT
Greenwich,CT
Fairfield,CT
Hamden,CT
Meriden,CT
Bristol,CT
Manchester,CT
West Haven,CT
Milford,CT
Stratford,CT
East Hartford,CT
Middletown,CT
Wallingford,CT
Enfield,CT
Southington,CT
Shelton,CT
Norwich,CT
Groton,CT
Torrington,CT
Trumbull,CT
Glastonbury,CT
Naugatuck,CT
Newington,CT
Cheshire,CT
East Haven,CT
Vernon,CT
Windsor,CT
New Milford,CT
Branford,CT
New London,CT
Newtown,CT
Wethersfield,CT
Mansfield,CT
Westport,CT
South Windsor,CT
Farmington,CT
Windham,CT
Ridgefield,CT
North Haven,CT
Portland,ME
Lewiston,ME
Bangor,ME
South Portland,ME
Boston,MA
Worcester,MA
Springfield,MA
Lowell,MA
Cambridge,MA
Brockton,MA
New Bedford,MA
Quincy,MA
Lynn,MA
Fall River,MA
Newton,MA
Lawrence,MA
Somerville,MA
Framingham,MA
Haverhill,MA
Waltham,MA
Malden,MA
Brookline,MA
Plymouth,MA
Medford,MA
Taunton,MA
Chicopee,MA
Weymouth,MA
Revere,MA
Peabody,MA
Methuen,MA
Barnstable,MA
Attleboro,MA
Pittsfield,MA
Arlington,MA
Everett,MA
Salem,MA
Westfield,MA
Leominster,MA
Fitchburg,MA
Billerica,MA
Holyoke,MA
Beverly,MA
Marlborough,MA
Woburn,MA
Amherst,MA
Braintree,MA
Shrewsbury,MA
Chelsea,MA
Dartmouth,MA
Chelmsford,MA
Andover,MA
Natick,MA
Randolph,MA
Watertown,MA
Franklin,MA
Falmouth,MA
Lexington,MA
Dracut,MA
Tewksbury,MA
Needham,MA
Gloucester,MA
North Attleborough,MA
Norwood,MA
Northampton,MA
Agawam,MA
West Springfield,MA
North Andover,MA
Milford,MA
Wellesley,MA
Milton,MA
Melrose,MA
Stoughton,MA
Saugus,MA
Bridgewater,MA
Danvers,MA
Marshfield,MA
Wakefield,MA
Reading,MA
Belmont,MA
Dedham,MA
Burlington,MA
Manchester,NH
Nashua,NH
Concord,NH
Derry,NH
Dover,NH
Rochester,NH
Salem,NH
Providence,RI
Warwick,RI
Cranston,RI
Pawtucket,RI
East Providence,RI
Woonsocket,RI
Coventry,RI
Cumberland,RI
North Providence,RI
South Kingstown,RI
West Warwick,RI
Johnston,RI
North Kingstown,RI
Newport,RI
Burlington,VT