"i don't even get mad anymore, i get distant."
I get so mad when I see people kill other people’s vibes when they’re excited about something
Y’all really mad at single niggas doing single shit? 
"Other people being mad at you is easy to deal with , being ma at your self? There's no escaping or leaving the room"
I don’t even get mad anymore if they knew better they would do better.
Why on social media just about everywhere is Joe Jackson only micheal and Janet’s farther or Paris grandfather ijs that shit is mad disrespectful
"This actually kind of makes me more mad or frustrated about stuff than i normally am tbh. Were all human beings, we all have brains, were all wired differently, and thats ok. So if idc about what youre saying thats actually p normal and okay."
I think people sometimes get mad or annoyed with me when i am myself... and think that im being extra or a dick to be funny or get under someones skin.
"My mom came into my room and was mad serious, saying  I have to start being “nice” to guys because one day ima have a man and shit, like lady ima be single foevaaaa... NICE FOR WHAT THO."
My baby is mad delicious 
Just starting to see the silver creep into my hair and I'm not mad about it. pic.twitter.com/1XnRYMWoLg
That’ll forever sound mad good
"I’m actually mad at myself for believing that this would start some dialogue between men about sexual assault, but WHEW my expectations were too high"
"John Holowitz talks about how he was able to finesse an interview with GZA & DJ Symphony showing mad love.

Click the link for the full clip. If you enjoy the clip definitely also check out our full podcast with John on our channel.

https://youtu.be/nlBuInWHEa8 pic.twitter.com/pk0LKEhxFP"
"hey everybody mad at ""bernie bros"" and jill stein right now -- you lack imagination (see fig.1 below) pic.twitter.com/mBQvjF33K3"
I was a Hillary all the way woman. Over it. Time to move on. Im thrilled! New blood is a good thing. And I'm certainly not mad at a real progressive agenda! Let go of 2016! This looks like winning to me!
I know it’s mad early but.......5 hours until @JoeBuddenPod come on!!!!  Best part of my work week. Anticipating mad gunshots pic.twitter.com/Qn06PoNYxf
I'm not mad at HD and I'm a Harley owner.
I start to think about things and get my self mad all over again 
Going through my old videos and here I find the perfect example of how I get mad at everything  pic.twitter.com/1Ps2f9Yrsn
Remind me not to make Mary mad. @ Trader Jan's… https://www.instagram.com/p/BiZjPRshLYG8PiS2jlOTZKs9Nl56T-qsY-JoH80/?utm_source=twitter …
Saying Eagles one hit wonders when they got 85% of squad signed till 2021 with they star QB coming back. Lol yeah you're not mad tho.
"Not quite Art Deco, A bit more ""Mod""/Mad Men in this cake! ⠀
Book a tasting with us today… https://www.instagram.com/p/Beit4gTHLRl/ "
You cannot be mad while listening to Lifestyle.
More like drunk elf! - Drinking a Mad Elf (2017) by @TroegsBeer @ Abott Run Brook Tavern  — http://untp.beer/s/c539681785  #photo
"I Know Why They Mad  @ Providence, Rhode Island https://www.instagram.com/p/Bb7zjQPFgGLr2rJLa1wV7wYR-p8K7phKASP7LE0/ …"
"Alice: This is impossible. 
The Mad Hatter: Only if you believe it is. 
Lewis Carroll | Alice… https://www.instagram.com/p/BatIssKFHxT/ "
"Mad Hatter Tea Party #BeatStetson @ Providence, Rhode Island https://www.instagram.com/p/BZ2K3TmF0aK93GIID73vSzwjNpR5JcKvp284qI0/ …"
"#halloween in Providence is going to be mad house
elderband, blackpyramidband _dirt_devil_ ,… https://www.instagram.com/p/BZw1ctOAwqe/ "
| mad hatter @ Aline Sarkis Beauty https://www.instagram.com/p/BZhdLDZhdUe/ 
lol girls tweet the craziest shit. But get mad if you say they hoes for it
They said i do! Congratulations @mad_swaggg and Nacho! #ido #newlyweds #weddingdetails #therings… https://www.instagram.com/p/BW4Qp46BVP5/ 
Don't disrespect Gucci RT @im_ANA_roll_: I'm not mad Gucci mane is in this song but it shoulda been you @theweeknd pic.twitter.com/itQbH4wfLI
"Most dudes be mad corny now but I think the worst is a ""do it for the gram/snap"" ass nigga. I'll never relate to those guys."
Hayward bout to fuck MAD CV hoes omg
These next few weekends it's just a big forecast of alcohol. MAD alcohol.
Mad Lounging. #revivalfamily #rescuedoglife #rescuedog #rescuepitbull @ Revival Brewing Company https://www.instagram.com/p/BUNAKuOFLYz/ 
My BM really mad at me cause I went out last night. No Happy Mother's Day for her.
not mad at that
"Refused to buy Kaylee a vape pen and now she's mad at me because I've  ruined her chances of becoming a ""vape god""."
nothing gets me more mad than when ppl use this emoji  for a sad face! like no!! that is a kinky smirk!!!!
I asked my mom if she would be mad if I did this for my permit picture tomorrow and she said yeah): pic.twitter.com/QVSSucYaWl
I remember everything people say whenever they're in a bad mood or mad cause that's when their filter goes away and they say what they mean.
"Again, v thankful for sisters who you can always count on giving you mad comments/likes on your insta pics #blessed"
I just love when boys dm me & I don't reply so they get mad & unfollow me
"Love the ""mad libs"" - My 1st Week at Wheaton! @wheaton Welcome to Wheaton Day @wheatondeankate @svivepic.twitter.com/P1HPU9dt2g"
It's ridiculous how easily I get mad & I get mad over the smallest shit .
Bc I'm mad and bored pic.twitter.com/w1lOPIBxhA
im literally so in love with u it gets me mad.
Robby's Mad pic.twitter.com/fSxuejv0TE
"@DWTS20 @MsPattiPatti Poor thing, god bless her. You have to give mad props to that lady. # BetterWithAge. "
I think it's mad weird that I spent the last 17 years of my life going to bed at night with the tv on and now I just don't do it anymore.
"I have 3 types of mad: when I'm so mad I cry, when I'm mad and just snap, and when I'm mad and just don't want to talk to nobody"
"“@SexualGif: When bae makes you mad
https://vine.co/v/OXYbugwAvbW ” ?!?!!?!"
"Being confident in yourself is so rare that people actually get mad at you if you are,"
I get mad SOO easily 
Last week Chris Studley walked into my class room and I truly have never been more mad. Thank the lord he was in the wrong class
"Hey Seahawks Fans, You Mad Bro?"
U MAD BRO!?!?!?!?! @RSherman_25
Was just about to get very mad at Verizon cable.
i swear to god if i go to school and not a lot of people go that they don't even count the day i'll be so mad.
I look mad af pic.twitter.com/4eDRXkqWLr
"I will try so hard to keep my cool if i'm mad because I know how I am, i'll kill you w, my words."
"If you're mad well too bad, sounds like a personal issue"
After a break up niggas love to get mad and call you a thot  please don't go there baby boy.
Why is there mad throwback Thursday's on insta
People get mad when you don't trust them but they the reason why you don't  trust em in the first place 
Instead of studying for my Algebra 2 exam I'm going to research ways to convince my mom not to be mad at me when I fail it
There is nothing that makes me more mad than the fact that blue nail polish is insanely unlucky
When you realize you have mad homework due tmrw that you haven't started pic.twitter.com/arrV8gQqf3
When your tweet relates to someone and they get mad pic.twitter.com/R5nwbOQ3xY
"if someone is mad at me, I like to laugh bc that gets them sooo much more mad hahaha"
I would never send my mom to purchase a sneaker for me. Too crazy. But I wouldn't be mad if she accidentally got me the Legend Blue 1's
kinda mad that i still haven't seen a day to remember live.
@Wadup_Sara @leovmello_ and she let me you and Emily chill alone but yet she gets mad about that like girl you make no sense
"If you ignore my texts, don't be mad when I ignore you in person"
"Nothing makes you feel more guilty than getting the ""We're not mad, We're just disappointed"" line from your parents"
You gone be mad you passed me up in the future....just saying 
We got mad leaves here in Rhode Island!  pic.twitter.com/XP4HOsXL5Q
Mad funny how different ppl at school are behind a keyboard. I just wish if people were Tryna get big they'd say that shit to their face
Brown / Trinity Wagon Show #Brown250 Polonius and Hamlet (mad) pic.twitter.com/HO4C4owp4C
Im so mad erikas up right now
The thing that gets me mad is when they have these tweets that says rt or you or your family members will die the next day like wtf!!????
tn was mad fun with my faves @NateFerri @katie_mayxo @TinaC_xo
"Our suite turned up last night to Mad Men and pizza, so yeah it was better than your night"
never forget what someone says to you when they are mad
Ohh i'm sorry.. u mad that I came to the party
No one else is going to love me when i get mad
Females be mad at Ray rice but lovin chris brown  https://twitter.com/SteveStfler/status/509504113709957120/photo/1pic.twitter.com/h8K2jLTgSI 
Mad gig tonight #Boston!! Enjoy @edsheeran's show and come and party with us @nagacambridge later!
If ray rice somehow only gets his 2 game suspension.... I can only imagine what the other teams are going to do. Players are mad
@Amberleighx0o yo you're mad creepy LMFAO! pic.twitter.com/Rga2IdDR0t
I peep mad shit I just let it be.
"If you're mad then too bad, sounds like a personal issue"
 I'm mad I get this pic.twitter.com/ojvXRMbN7p
This Alabama vs West Virginia game is mad competitive 
In Levis these girls got mad at me for walking past a mirror while they were taking selfies.... Ha
Mad funny that these kids be drinkin and smokin now but used to judge 
My girlfriend makes me mad like no one else can
Hi my names matt and I'm mad annoying on twitter but chill af in person.
White ink tattoos are mad weird they look like scars why would you want a scar
I'm ready for school... But at the same time I'm not ready to b waking up mad early 
People stab you in the back and then all of a sudden they're mad desperate for you. Swerve
I think one of my favorite things is being overly nice to miserable people because it makes them so mad
Kush mad me like.. pic.twitter.com/NLlTVMAcVx
Not knowing what you did to get a person mad at you is the worst feeling
Chance the rapper canceling his performance at Mad Decent due to exhaustion.. #tf #smh
are ppl really mad about a damn picture or just joking bc either way u childish
"""@KingRelloOMG: When females say 

Okay = not mad  
Ok = mad 
K = mad af 

It's levels to this shit """
My mom just looked so mad. So I walked up to her and kissed her cheek and walked away
Don't be mad cause I'm doing me better than you doing you
I hate when people talk to you all day & tell you you're cute & show mad interest & ignore you every day after that like why ?
"As soon as you graduate mad ""friends"" go ghost"
I observe mad shit about people son
Don't be mad because I'm riding your ass. I'm trying to read your stupid fucking bumper stickers to see how much of an idiot you are.
"One day she'll start sending you mixed signals, and you'll get mad because she finally figured out how to play your game"
Not mad about that half at all
"get me mad enough, see what happens."
“@Disney_RoyaIty: Me after I get mad  pic.twitter.com/h6VGnthICy”
I'm so mad yo that I dropped all my hoes for you and now I can't pick em back up
"If anything, you made me stronger. So I ain't even mad."
Do ya thing I ain't even mad 
"""@lifeofnatalie_: When people tell me I have mad ""friends"" pic.twitter.com/le4Ug9I1kv"""
Looking at clothes online makes me mad because I can't have them right now
Girls get so mad that they can't find the right guy yet they give no guy that actually cares a chance
When I start banging mad 3s in a row pic.twitter.com/ImCk75KicZ
If your gonna be mad at someone for having friends other than you then your not a friend at all.
Dude really killed all those people in Cali because he was mad that he was a virgin....smh pay for a prostitute and get over yourself bruh
"my timeline:

PK sucks
#NHL15Bergeron 
Bergy is the best
Some random girl mad at her ""bae""
Jake quoting Stannis
More #NHL15Bergeron"
@omaguire15 @jcwollenhaupt so disrespectful. Like legit. This is making me mad and I don't even speak up on this kinda shit.
I could lay in bed all day and not be mad about it
My parents are mad extra bringing back this big ass chunk of cheese from DR  pic.twitter.com/fFazeJP2Sr
mad people are having fires today like why
Some people get way to mad when you call them a peasant ... Like chill it was a joke.
My dad just got mad at me becuase he didn't like my ringer for when I get texts ok
I had to unfollow Erica Mena. Shes mad conceited and annoying.
“@RealDopePosts: when bae is mad at you but u just wanna love them https://twitter.com/RealDopePosts/status/466055719242838016/photo/1pic.twitter.com/ijrGX3uGFw ” crocs
everything at pacsun is so cute but it's so expensive and it makes me mad
"""@Boooooney: Donald Sterling's daughter after game 3 win over Warriors... Now I see why he's mad  https://twitter.com/Boooooney/status/460211644551811073/photo/1pic.twitter.com/RpKJPivvWK """
Don’t be mad cause I’m doing me better than you doing you
The lovely bones makes me so mad everytime like don't go in the weird mans fort rule #1 of life !!!!
Still pretty mad at myself that I gave a homeless guy my last chocolate covered Twinkie last night
EVER GET SO MAD YOU CRY YA THATS ME RIGHT NOW SO ANGRY.
Twitter is mad annoying. It just makes me not like people lol.
Balakisa is mad jealous of my shower singing voice
Dan takes mad cig breaks lmao #marlboroGold
"I always use "" lol "" to cover up when I'm mad or sad , it just works "
Never let a girl go to sleep mad 
I'm so bored That I'm getting mad
HE JUST MAD HE CAN'T HAVE T BELL SMH
Mad friends pic.twitter.com/AhscXsjnZt
I haven't listened to @BreacherIsMusic yet. Are they mad at me?
"I hope nobody gets mad about whos at my party If you don't like someone, oh well they're my friends lol"
"“@Letgomyweirdo: How to get tupac and joey badass fans mad 
Step 1: say lil b is better than them 
The end” "
is @ant_capuano39 mad or nah pic.twitter.com/mS9YgxIP3h
a bot that asks if you are mad when you force push a branch
@_lickmy_lebrons i love you baby girl dont be mad
Girls that think they're mad hot and act all conceited and shit are helllla annoying
'i was so mad u got like 200 likes on a picture of our dog thats not even fair' -my bro 
She's a fighter when she's mad she's a lover when she's lovinnnn
Girls get mad amped up just cause they have a nice body.... But your face is still ugly as shit
Someone get this girls mom  lmfao why she so mad tho  “@AKieren: Our generation  https://vine.co/v/MmuTOEQxnWY ”
I'll never understand why people get mad when others drunk text them. Please drunk text me I need a good laugh sometimes
Funny how your mad at us for ditching you when you ditched us #hypocrites
Had mad fun Last night with the Fam at Bo's @zaneyboy96 @Stackz_401 @Ajwesley1 @Tgreenay #Hanleys thursday #skettit
My mom and her good friend literally only asked one question about my weekend. They wanted to know if I slept with a girl.. Mad love mom
also had mad scary dreams so for some reason I started thinking of @benjamins_myth and @will_nb to make it better but it got worse!???!
"""I gained mad followers so I don't even care..."" @CodyLavallee10pic.twitter.com/c83CoVHs0x"
"A real boyfriend can tell when his girl's happy, mad, sad, being sarcastic, on her period & even lying, because that's his girl."
Mad bored an can't sleep someone DM me or text me
Ryan looks mad as shit in the back doe  pic.twitter.com/JOhrrsVeD9
Mad box #noshippingamdhandleing
Winter is mad fun but I just want summer already
I cant wait till Marc and i are at the point where he makes me so mad he has to get me a puppy to make up for it  #puppiesforme
I always regret the things I say when I'm upset. My mind isn't rational when I'm sad or mad
I should be mad at my parents not inviting me to Ireland with them but it's for a golf tour 
Sometimes I just get so mad at the refs
"Girls these days SWEAR that just because they're mad , EVERYONE ELSE AROUND THEM HAS TO BE MAD TOO, "
"I hate getting notifications of people favoriting tweets I'm tagged in if anything it gets me mad ""why'd this bitch favorite that"" liiiike"
"A real boyfriend will blow up his girl's phone when she's mad at him. She may not want to answer, but at least she'll see his effort."
"My little brother never lets me dress him, it gets me so mad because he looks like fucking shit"
It pisses me off when I spend mad money to get my nails done and they do them like shit like srsly WTF
If you have an idea and don't do anything with it don't be mad when someone takes it and runs with it. #stopprocrasting #startup
You know my moms mad when I come home to this.. pic.twitter.com/9KdxxwZN3d
"If you don't follow me on twitter I feel bad you son
I got mad funny tweets and you can't see one"
One day Kevin was mad at me and he said he hates me and that I'm not allowed at his funeral when he dies lmao. He still feels that way
yo my legs are mad long
Nicks the type of guy to say hes going to bag mad bitches at the club but all he really does is smoke cigarets outside
Need it to snow mad so I can make this igloo 
All you bitches are just mad you believed us 
Mad fun RT @Zekeyyyyy: Maaaaaad stamina RT @ReeseHeff_: I wish I was good at soccer .. it looks mad fun to play .
Why do people get so mad over people going to the gym on jan 1st? God forbid people try and better themselves in the world we live in today
my mom gets so mad when i go outside withou a jacket #chill
I got mad trust issues
Merry Christmas to my girls I would be lost without @CollHan @victoria_waugh @all_mad_here @shadow_ninja13 @miranda659 @jaimieelyn3 
Why do I keep seeing statuses about people getting mad people are buying the same shoes? Lol .. Some of you's need a life
well...my mom was supposed to finish doing my acrylics and then she got mad at me for no reason and yelled at me...woman & her menopause 
I'm not even mad I'm purely embarrassed. I knew or defense was hurt that's not what embarrassed about I'm embarrassed that our offense can't
Seeing Tom coughlin mad makes me happy inside
"be with someone who won't stay mad at you, who can't stand not talking to you, and who's afraid to loose you"
Oomf is really getting me mad like why 
"Why are you mad, get over it and hop off my d"
Going through someone's favorites will make you mad don't do it
"My moms so mad, lmfao my little cousin got a tattoo and he's 12"
I dont get mad i get motivated
I be waking up mad early now 
"While Durfee is all excited about their half day, everyone at Diman's all like ""Yeah I ain't even mad"""
I'm so mad! Like seriously!? In the middle of class my backlight blows again. I HATE @lenovo ! I should never have listened to @BestBuy !
"@kurttravis saw you mad long ago with DGD, can't wait to see you with @alotlikebirds tonight #Shred"
space is mad cool.. imagine going there
I like favoriting certain peoples tweets because i know it'll make them mad and i get a good giggle out of it. im lame i know
MM - My son  you nice at ball but you talk mad shit  lol
I'm way more mad about this than I should be haha
its mad day after halloween outside
Once I get mad every little thing pisses me off more
"Report this FUCKING worthless piece of shit ""@jetsgreen: Nobody was mad at the Boston Bombers you fuckin retards. We loved it. So fuck you"""
@Immasliceyou_ @Doll_xoxo lmfao damn delmas mad clam down April loves you both EQUALLY
I never get mad if another man stares at my woman. I have what they want and I'm the one taking her home.
"Haha, just poured cold water over the shower curtain onto my sister. She's not happy, but it was mad funny"
My sister is so annoying she got mad because I don't want pizza at 10am wtf...
The official #SNL Instagram liked this photo. I ain't mad at it pic.twitter.com/2EdAGxLDSJ
Lmfao why do some guys get mad when girls put their asses or boobs in a picture like r u gay ?
You can't do that bro “@TheRealSnooop: @HentonBuckets23 got mad at me for rocking the Hoyas sweatshirt ”
I've helped people in so many different ways and at the end of the day who's helping me ? But I don't get mad .That's just life.
When I'm mad.. don't talk to me unless you want me to give you attitude.
I hate those kids that feel mad cool cuz they date and talk to underclassmen
Lol people are still mad immature?
OH David's mad cause he came to Britts in mint green shorts red boat shoes and a black & grey shirt & Kayla came at him 
my dad gets mad because i dont say hi to his friends sons like no bye
"Mad props to the @urisa #gispro #Ignite ""staff"" @HilaryPerkins @rjhale @candrsn @kbrennangisppic.twitter.com/fiQAMXr510"
Why would you continue to do something that makes me mad? I don't fucking get it
Anthony Capuano is MAD annoying
"Correct me if i'm wrong but if you're mad or don't like someone, wouldn't you stay off their social media instead of liking all their shit?"
My history teacher is dope he is mad chill and blind. He has a dog here to pet an he is funny
"I actually don't care what people think of me or who's mad at me, because at the end of the day you only have yourself."
Just heard mad cops pray if anybody got hurt that there okay ! 
When I'm mad hot I just eat ice .
Nothing makes me more mad than my ex's trynna get w/ my friends. Like go somewhere else w/ your hormones.
Do you think my boss would be mad if I gave him the patriots schedule and said I can't work these days?
"""Why are you mad! He didn't even like you!"" ""WHY"" ""Because you do drugs!"" @smooth_crimin4l @MichaelaCapxo"
DR fest was smoove mad beautiful ladies
I'm just mad and hating everyone right now
I'm the most reckless driver mad people keeping beeping at me I'm just going in and out of lanes like swerve I'm tryna get places
@Superior_63 @Franchise_32_ you're mad but pic.twitter.com/ExIOE3OyTm
"""The Rifleman"" Flemmi, back on stand at 9am. Cross examination likely today; wanna see what happens when a murderer gets mad? #Bulger"
Ydolis is mad fucking slowwwww
SHE'S MAD QUIET SPANISH MOM GETTING FIESTY
my brother inlaw hits me with the control and laughs and says * I'm mad high right now * 
lol Justin is mad protective. worst than my dad. 
I can't stand when people try to dictate whether Im mad or not
@KRISH_GENIUS yoooo I got two mad @futurefambo video for u to post sickkkk Jamaica to Nyc to Boston #hittheroad big ups to @WashRoomEnt !!!
Ugh fuck no Paul pierce gone????? Shit I'm so mad love those celts!!!  Woooo go basketball
"Oh everyone's mad because of hockey? My sim just died in a fucking fire, so your argument is invalid k bye"
Also u r selfish for being mad at someone else's happiness 
I ain't mad' I just don't fuck with you anymore
I used to get so mad if I wasn't doing anything at this time of night and now I couldn't be happier to be in bed. I'm an old lady
I'm mad sensitive and no one even knows it.
Me and Nicole worked summer jam and we just texted each other the whole time during the Chris brown just getting mad about how hot he is
Congrats to my Brother Ryan on graduating from Bryant University today
Not even Jeremy was this mad about his team gettin knocked out
I love cars. I hate people. People make me mad. Cars relieve my stress. People smell. My car smells good. People are fake. My car is real.
All The Diaz's I've Met Are Mad Cool Lol
Dudes are mad thirsty on the internet
"Like no one talks to me all day then its like ""Ouuu its mad late lets call lex """
Lol girls be tryna talk to mad guys on the low .. #Hoes
@michellefaella your mad hard tweeting ohhh smoke weed get high stfu lmao only one who thinks there hard is you and im just sayn tenny wins
Who's tryna go get icecream somewhere!  .. I am not gay I really just wanna go get some ice cream with mad sprinkles and shit like that
Kevin is mad at lorren because he ate too much and is too full pic.twitter.com/qaeyxH4Mc2
My shoes are killing me but they're Nike high tops so I'm not even mad
Oh you mad cause nobody did it like me
@MansionElan its too early mad thirsty
@Zacksardinha they still mad we won bowling? #teambowlingchamps
"just shows you care ""@lovespersona_: If you can't handle how I get mad or jealous over everything then see your way out... """
Outta internship mad early... Done  for the day
.@EDMOnly @edmfam instead of whoring for new followers why not send some good #plur vibes to #bostonmarathon? Sorry if I sound mad.
“@FunnyPicsDepot: When your friend is mad at you.... https://twitter.com/FunnyPicsDepot/status/322777911507689472/photo/1pic.twitter.com/2AB8wkTUux ” @Mwalshiee @kaishybaby1 but really!!!
"Now you see, ogres get mad when real mermaids call themselves mermaids because they're jealous. Keep swimming pretty mermaids"
Annie's mad high just bobbing her head like a dweeb . Get a god damn hold of yourself.
Kirk Nurmi must get so mad when #HurricaneMartinez smacks him down with those awesome objections. #JodiArias
@Team_Chevdogg @fmesiti @nick_decesare69 @diianajordannxo i mean i aint mad atbit
“@TreedyWard: Im mad @veenasty suckin our dicks thoo.. Pray harder next time #NationalsHereWeComeBaby!!” 
"When I'm laid back in school, people think I'm mad lol"
@MellowWaveElvis @k_mendezxo kid ya mad hot !
@truleydestinyxo your mad at me :/?
"Don't you hate when boys talk mad shit about that one girl, but end up going back to them the next week / month? Lol that's some corny move"
I don't get mad when people take forever to text me back cus in reality I don't even fuckkn careeeeeee
The fact that I live w Soyre & she's mad cool >>  love it.
@DSants3 @mikeyw1227 he called me 6 pack John and shit and all the Portsmouth girls were there mad funny coach business my ass
@mikeyw1227 fuckin ass hole coach busted my balls all day cuz of that screen shot u sent him LOL coach John saw it too LOLOLOL mad funny
Rhowens speech on the cheer page>>>> shes mad cute doe
Hey @SpikeLee you mad? #Django #QuentinTarantino. All jokes aside I want to see your rendition of Oldboy when it comes out lol.
How can you get mad a someone for yelling at you in a British accent? That's sexy.
People are mad mean.
I purposely ignore people .. so dont get mad when I dont answer .
#HowToGetCracked come in my room mad loud and leave the door open.
@morgan023ily #bestfriendforever haha and we have to take mad pics and upload them  
Mad cause I'm cuter than the girl that's with ya 
"“@elegant_looks: #2ThingsThatDontMix pizza and pudding” I don't know why, but I just laughed mad hard at this lol."
“@Paaatrice: he didn't  @Jackieevasq” hea mad
"Dear girls, we don't wanna see a picture of your belly button piercing if your stomach is mad hairy lmao"
"Girls that I dated, it's ok I am not mad yo Unless you stabbed me in the heart, no love ho"
"Just lost power and I got so mad, and then it turned right back on"
“@PaulRoque3: I've neer gotten so mad that I want to move out...but today ouff someone wanna let me sleep at their place” move in2 my room
We better get two feet of snow or ill be beyond mad..
Don't be mad when someone else appreciates  'your' girl and pulls a robbery. One mans loss is another mans gain.
I'm not even mad because I'm just really creepy and I know way more than you would even guess MWAHAHAHAHAA
"RIP @calebmoore mad respect and deepest condolences to your family and those close to you, you will be missed!"
"""@imthirstylmaoo: Wtf is world of dance?"" It's a party that goes around internationally it coming to new York on may mad bitches!!!! Lmao"
“@emmadaisyxo: #TweetAboutYourselfAndBeHonest I say things I don't mean when I'm mad..”
Get some but when I went to pay josh started telling at us and made us get these orange candy canes instead and was so mad. The end.
The things I would never get mad at people for are things people get mad at me for. #LightenUp #LifeIsWayTooShort #DropTheDrama
"Clearly I'm in the Ocean State, because everyone here is mad fishy."
Like why do people waste there time being mad over little things that shouldn't phase them
I really wanna subtweet right now but @kbuckles15 will get mad at me if I do.
#TalkLikeYourBestfriend 'Like ok' 'SWERVE'*gets yelled @by teacher-watever im dropping out anyways' 'u mad' 'anything poop' @Ariipetrofffff
I don't want my sister to grow up.. If I even see her with a guy I'm gonna get mad 
Mad fun times #TeamHenry @TheRealHenny94 @SupaSaiyanTayo @Martiinez94 @huntjames17pic.twitter.com/LJBkXVZH
God you are so fucking annoying. I'm just so mad you would even try and pull that shit.
If @CarlyRoseMusic doesn't win xfactor I will be so mad. #wishihadhervoice 
@NICKYNIICK is mad cute. Oh nd he got some nice raps (;
"Filling out job applications. Should I use the term ""mad skillz"" under talents?"
No but cmon guys ya'll/me ..should prob leave him alone like thats mad cute they need to get married
Being mad skinny at 5 guys with @Kyle_Rod44
 #cuff “@fLyboishep: Real Husbands of Hollywood that show is gonna be mad funny”
@lovely_aleja we're immature cause you're mad? Shut up. Everyone knows you was crying.
"@HannahFerris7 Typical Sunday, Kevin's mad and we're drunk."
Niggas mad creepy hahahahaha
If it makes you mad then you're pathetic
"We get it, you smoke mad weed and get stupid high all day everyday. Cool"
"Oh is that why you always get mad when your best friend and ""boyfriend"" talk to me? Lol #JustAdmitIt #DumbAss"
#LiesBoysTell I fuck mad bitches
“@cheddaturchetta: thought u were my boi..... mad sketch” if this is about me fuck you if not I'm sorry for saying fuck you
Why do drinkers always hate on stoners? Stoners love everyone! Why you mad?
When any little thing gets you mad cause your just in that mood <<< -.-
"Dear Human, You get mad at me if I wake you, You get mad at if I don't,  this is mental abuse, Sincerely, Confused alarm clock."
IM MAD FUCKING BORED
You mad? pic.twitter.com/ePBtZTn
I feel like the people who don't really know what they're talking about are die hard Obama fans. Go ahead and get mad at me now.
I just realized its getting cold again and got sad and mad... Florida here I come. Okay now I'm happy again.
@_vanessajacobo adriana got mad ampted your coming she randomy started hitting me o.0 -.-
I don't get how you talk mad shit about somebody one day and then be the bestest friends ever the next -.-
@TSDurand literally die. So close and so mad  #swag #class #overflow
arianna is mad cute:x.
I'm Eating MAD Food Today
"Sunglasses and Advil, last night was mad real. pic.twitter.com/avRgl7qb"
Obamas mad fucking funny
"""@amanderrxo: IM SO MAD. Lmfaooo @oxChristy @jsantiago401 @Coconutsxxd >.<"" Lmao. People took that shit a lil tooo far."
"I dont know how this guy is playing with his brother dieing this morning,  mad respect to him!!!"
Your just mad that you can't accept the fact you can't let people be happy unless you're.
ew wtffffff lmfao “@tpicchionexo: This girl is mad custy. pic.twitter.com/Jo95AuRo”
"""@antboivin: bandwagons hurt me deeply."" Yo man chill out yonkers is a mad good song!"
"My problem is I can't stay mad. I always end up forgiving people, even when they don't deserve it."
Mad good pic.twitter.com/PFYSM9a
You can never stay mad at someone you really care about
"I can't wait for school to start man, I'm gonna do mad extracurricular activities, the more things I do, the less I have to be in this house"
I have to hit something when I'm mad.
I'm highly mad they changed chucky cheeses fucking image!!
Hats off to @JCrew 's two day monogram shop turnaround.  Plaid Mad KJP's is as  @ Kiel James Patrick Factory http://instagr.am/p/NzFmHJrcrK/ 
People that don't like frank ocean<< even though it's their opinion I still get mad 
“@GuyCodeBook: A girl who gets mad every time you want to go hang out with your bros.. #Undateable” @Swaveyy721
"""@RihannaWisdom: I get jealous, I get mad, I get worried, I get curious. But that's only because I love you."" @frenze_"
I'm sorry I don't know him at all but that's mad soft lol http://twitpic.com/a69xg3 
Still mad at @m_dallesandro85 for playing that joke on me a few days ago. #soscared #notfunny
Last night was mad real
"Mad at me? Yes, I pissed in your pool, but I also pissed in your tub, I have pissed in your bed, and one time I shit in your kids toy box."
"When u sleep over a friends house who sleeps mad late
-u wake up and ur just laying there lol
#the best #no"
When people get mad over the STUPIDEST things <
Mad alcohol. What's erryone doing tonight?
“@Trae_Sums: I think #oomf a hoe on the low she be tryn cover it up tho lol i be peep'n you ain't slick! Lol” lmao this fits mad ppl
I'll be the last person to stay mad at somebody but I'll be the last person to forget what happened.
People that respond mad late <<<<<}
@KhaoticKendall ya mad beautiful Ma
She just mad because no one like her lol
"I can't get you out of my head. From falling apart, to fighting mad. From wanting you back, to not giving a damn. I've felt it all #dontcare"
They lasted a long time. I'm not mad but hope it isn't cuz of beef. RT @MTV: Are @MobbDeep on the verge of a breakup? http://at.mtv.com/DZ7 
"""You know the worlds gone mad when blacks wear plaid and Mariah has married Nick Cannon."" @Rachael_Mariexo #YOLO lmfao"
I find mad lighters & 3 newport empty boxes in ya car. & your telling me you dont smoke?  #WhoAreYouTrynaFool ?
im so mad im not going to see the hunger games tonight
Ab0ut 2 g0 2 da swansee mAll nd chill nd take mad pitchuz in deb. deyre clothong is fr3$hhh 
#thatonefriend who you have mad memories with and no matter how much you fight there still there @itsme_tnc @swagathlete1 @_amysayz <3
My shoes look mad weird with pink laces
All the tebow haters are mad #hahahahaha
It's got mad black in Trent's house.
Mad tweets bout the meaning of life
i hate when people think your indirect tweets go to them and the get mad and respond to it
"If I'm mad at you, just give me food. Lmaooo."
Girls be mad hype over back dimples
"This girl has a mad annoying voice, oh my lawdd"
Thinking about the ending of #boardwalkempire is making me mad
Ain't mad at this flow going right now
"I love how mad skinny dudes think there big, I don't even have the time"
Nothing makes me more mad than when someone texts you then u answer and they don't answer
When people thinks a status is about them and try get mad -.- #aggravated
“@OriginalAce145: ight ppl come check this stream out with me http://www.twitch.tv/bronco_ned  hes mad cool follow him on twitter to @Bronco_Ned”
"I always get really mad when Lindsay Lohan doesn't eat any of the huge, delicious breakfast that Chessy makes for her."
It feels mad weird driving by URI campus knowing it is no longer my stomping grounds. #depressed
Mad funny gucci the dodgers and Abercrombie paid the whole cast of jersey shore to NOT wear there clothes that's how you know your a corn
@AshRivera1 mad fun Ilu babe in bed wit u right now goodnight
"I don't think I get "" mad "" easily I just get very annoyed easily. very very easily."
I'm mad that I bit all my nails lmfao and they were pretty long too :( all because of @zeddy_rocwell :o
http://www.worldstarhiphop.com/videos/video.php?v=wshhyiQI6Jf3Aox28598 -- shes iight -__- i'm jss mad her hair loooks extremely fake
iight i'm good i'm not even mad anymore I'm just a tad bit hungry again Lmao
Also going to be auctioning off a Christina Hendricks signed Mad Men DVD for the Bella Tucker charity as well. Details soon.
I ain't mad Athletic Director from Brown hit me up today saying he want to talk about a job. Atleast I will be working while the Pats aren't
"Lol, everyones mad about football. Don't worry bout the important stuff in life like child abuse or hunger...The poor patriots. Smh big time"
Stuck in mad traffic - see for yourself  @ I-95 South (Rhode Island) http://instagr.am/p/BA2V0/
figures i'm mad sick on the first snow day -__-
you ever try and reply to a celebrities tweet and wait for an answer and they dont give you one? I feel mad dumb after doin that .
"""I'm still mad at Christmas for spoiling the bible for me."" -Brad. @CarpeGeekdom party is a blast so far!"
@Malick55 Nigga Try To Run Imah Trip And Fuck Him Fuck Him [ I Aint Yo Dad I Aint Yo Dad You Making Me Mad]
"Three more stops. Then a taxi to the ""red cent"" igloo. Hope the kitties aren't too mad. (@ Providence Train Station) http://4sq.com/gTz2oy"
I really don't have a problem that my night has been spent watching MAD MEN and FAMILY GUY. I can think of far worse ways to spend my night.
I love When ppl get mad when they do the same shit lmao fml
"feeling pretty mad men today. 60s frock, morning mixer. ahhhhhhh. http://youtu.be/QJvC2eEM04Q xo"
"@stopbeingfamous if they feel guilty for slavery, they missed the point. We ain't mad at slavery."
"So like mad text messages, voice mails, twitter shout outs, Facebook postings. Thank you guys. The Bday is off to a good start."
I'm nice with girls. But what pisses me off is that sum not at all. Get mad when they don't get their way. Like hi I'm not ure man.
"Watchin VH1'S most shocking moments in rock with @afaylenesky mates @shawnaspencer and mah manager tim....perfect night, btw mad drunk!!"
"Vomit happens, people throw up, especially when you're running around like a mad person and you're fat. ~Thintervention, Ohhh Jackie Warner."
@CaMaRo_HeFF if u wake up mad then u should not be on twitter and im far from gay love pussy 2 much got 3 kids
@kakakelsey lmao ; I hate drivin w/ slow people infront of me . And as for walkin ; its cuz ur legs are mad long ! http://myloc.me/c9atv
Work at 445. Actually not that mad about it. #mylifeisnowboring
@JrGoHardd u dey mad  http://myloc.me/c2ATQ
@playuglyforme I miss your version of mad world haha http://myloc.me/c1RCs
"Me: ""USHER! :D"" @opheliahyde: ""NO, I AM MAD AT HIM FOR UNLEASHING BIEBER ON US."""
