"Sorry lads - no point dragging this on any further. It was fun while it lasted, but it's time to show my true colors (which many had guessed). Don't be too mad now, though haters will hate. Just to be clear, I don't know shit - I just got a few lucky guesses in a row ;) #GameOver pic.twitter.com/lnKKI9JIlD"
u kno its bad when u still mad when u high
You look like you are in a sad or mad mood Vikki.
Wait I’m mad confused... drake got bird man and Lil Wayne on a song together on his album ?
I’m still mad about this.
nothing makes me more mad than people who are cheap. like stay inside your fucking house and seriously don’t come out until you learn!!!!
“a titanium skeleton to give her more stability & durability . . .  some synthetic internal organs that are indestructible . . . an RBG who’s only 10% flesh & blood will still be more human than any of the conservatives on the court now” @AllanIshacNYChttps://extranewsfeed.com/mad-rush-begins-to-retrofit-ruth-bader-ginsburg-with-bionic-body-parts-5243ca416dec …
i just got so mad bc i thought my charger wasn't working...until i realized i was looking at a fucking screenshot & not the actual screen.. my brain has officially fried from the lockout that's it
Lily mad  #BlackInkCHI
"I don’t always draw fan art, but when I do it’s for Critical Role and it’s in two different styles. #CriticalRole #criticalrolefanartpic.twitter.com/LHybbLSgEw"
"With
He
Full
Weight
Of
The
President
And
The
Supremes
Behind
Them,

This is what ice is.

Get mad America."
people who get mad at you for telling the truth that *they* asked for are the worst sort of people
"Get
 Mad

And vote blue

Loudly!

That’s how we change things."
"Is it just me, or does anyone else think that Eddie is a bullying man-baby? #GBBO"
"I can. and that's the saddest thing I can say about this,"
"I'm actually mad Taylor didn't get her ass whopped tonight.
 #ExOnTheBeach pic.twitter.com/s7EJSim1rm"
I honestly think civilians get more mad than actual military when other people say random people are braver than the military. Or maybe I just don’t seem to care anymore 
"If she tweeting about being single, don’t believe her. The guy she’s talking to just got her a little mad."
"Basically what he is confirming that the UK is fucked after Brexit so you 1%ers better get your money out of the UK quick smart.

Asshole.https://twitter.com/LordAshcroft/status/1012217151711842305 …"
My blog on why Malta offers a superb location for UK companies needing an EU base after Brexit https://www.conservativehome.com/platform/2018/06/lord-ashcroft-special-report-malta-makes-a-strong-case-to-host-the-eu-outposts-of-british-companies-after-brexit.html …
"Nobody is mad at Erykah badu for sticking up for xxx. Just show your ass, and kim ma'am"
My dad still gets mad about Jim Burr calls to this day 
She gone be mad when some one fine as hell tries him when she go on tour
I decided to draw Caleb and Frumpkin from @CriticalRole today. @GeekandSundry @VoiceOfOBrien @matthewmercerpic.twitter.com/eIub7r6pMP
Yo blood Mexico looking mad sloppy l
"Why did my dad wake me up at 6:30 on my day off?!?! I guess I can’t be mad, he wanted to hangout and couldn’t wait to tell me he was off too"
Naw ima still be mad after https://twitter.com/keishlaaaa/status/1011836447861760000 …
Your man mad at you suck his dick  he gonna forget why he was mad at you
With no regrets i wont be mad wont feel bad these memories will never leave me
They get mad when you're not who they want you to be.
Between these past two rainy days I’ve watched 8 movies & I’m not even mad 
"Sorting through my box of hats, gloves and scarves.  I guess I better keep this onepic.twitter.com/k1D8CPXjLd"
"""out H-town showin surround by sound, yes all they got mad when i showed up around, im talkin shit that they dont like, ridin marble bike, i might break em off when i come dripped out Ike"" - Youngsta #June27th #southsidestillholdin"
"If you have ever bought from @MutherfudgerUK, had me do cookies for your launch, I would really REALLY appreciate a few words to help me grow my business.https://twitter.com/MutherfudgerUK/status/1011698549791313920 …"
"You can now also leave a testimonial on the website! We would really love it if you could spare a few moments to let us know what you think of our products and inform other potential customers why they should buy from us.
https://www.mutherfudger.co.uk/about/testimonials/ … pic.twitter.com/9ZOrIZXYBJ"
my feelings are really hurt right now and im mad lol
One thing I can never do is get mad at someone for trying their best.
Lazy breakfast - cinnamon roll flavour pop tarts and a mug of teapic.twitter.com/QpQ90G6fq3
"“Babe come on why you mad?”
Me: pic.twitter.com/Dajm6APvO8"
Don't you think she's looking a bit tired? #notmyprimeminister #ididntvoteforthishttps://twitter.com/10DowningStreet/status/1009529579940261888 …
"""Today Parliament has passed the EU Withdrawal Bill, a crucial step in delivering a smooth and orderly Brexit – the Brexit people voted for."" - PM @Theresa_May pic.twitter.com/bEPVGNIqBk"
But they mad over Canada smfh https://twitter.com/kevzpolitics/status/1011676541217116160 …
"ANTIGUA & BARBUDA - Antiguans can travel to 149 countries visa free inclusive of most of Latin America, all of Europe, portions of southern & eastern Africa & some SE Asian countries; Henley & Partners ranks ANU #4 in CARICOM, #25 globally pic.twitter.com/Dqjr1sWo88"
yall rly give a fuck about this? this what yall choose to be mad about? L O L https://twitter.com/marybwagner/status/1011351676798881792 …
It’s a good day to get blocked by @dog_rates for calling out when they changed a dog’s Arabic-origin name to something extremely white. pic.twitter.com/vefrTZQ2hQ
"I would have been mad if my Daughter did that! Even though she meant well,kids need to stay in their place!"
13 hour works days on mondays is rough lol but I sold a car so I can’t be too mad
WHY IS THERE ONLY 9 episodes of season 5 of the fosters on Netflix I’m so mad
"my song of PEAK FUCKING #Rage is out on bandcamp, 

#screamrap #numetal #metal #alternative #scarlxrd #trapmetal #trapmusic 
#rapper #rap #ANGERME #anger #mad #angermanagement

https://krimsongraey.bandcamp.com/track/ira-prod-lilgreedii …"
Still cant get over people getting mad about liking Nowi as best girl. Dude I was 15 when the game came out.
"Aw, you are crying. You are literally so mad, you are crying."
I wouldn’t be mad tbh Olive Garden is 
"The kid brought it ,y'all bump this, mad flames

Listen to NO ZZZZ by @ZILLA__OAKS #np on #SoundCloudhttps://soundcloud.com/zilla_oaks/sets/no-zzzz …"
"I don’t always draw @CriticalRole fan art, but when I do, I draw in two different styles. @LauraBaileyVO @matthewmercer @samriegel @VoiceOfOBrien @TheVulcanSalute @WillingBlam @executivegothpic.twitter.com/Ftyy9bDmcP"
"A year ago i was making mad bread and patrying every night... but i had never been more depressed... this year, im in probably the roughest spot of my life plus got in a car accident and im still as upbeat as anybody #ItAintAboutMoney"
When @KylieMDLOC and I make a mad dash for sushi. In and out in 20 minutes - a new record!  @… https://www.instagram.com/p/BXT-aAlg1X7/ 
"when i say ""idc"" im not mad i just literally dont care"
Don't b mad cuz we do it better
Pats fans getting so mad....
"If you're mad well too bad, sounds like a personal issue"
what is Josh Lavioe always so mad about?
Are you mad that I came to the party!!!!!!!!!???!?!????!??
MAD HYPED FOR MY SWEET 16 AT LEMONGRASS 
Mad gay theres a driving ban
When my girlfriend gets me mad I call her a lesbian and call her Evan for rest of the day
"of course you have every right to be mad at the girl but don't forget that she didn't force your boyfriend to cheat, he chose to do it"
Men shouldn't be jealous that's a female trait. What you mad cuz you push dimes and he sell weight ?
I just spent $8 on grapes and I think I'll be mad about it for the rest of the weekend
Bae gets so mad at me so easily it's really not even relatively funny
When you're tryna kiss bae but he's mad at you pic.twitter.com/F7qj7VMf1s
It makes me so mad when people say how there should be a weight limit on clothes. If someone feels good in something why should you judge...
"Day 2 of cheer practice mainly consisted of me doing squats with @kimmyascoli on my shoulders, luckily I love her dearly so I ain't even mad"
I had pizza three separate times today and I'm not mad about it
"This guy is getting mad at this woman playing music on the beach and the woman goes ""I'm sorry, do you want us to play Creed?"""
So mad at myself for being an idiot
mad luv for the sport pic.twitter.com/qwyIMAclfT
Advice: don't wear a crop top when you plan on drinking mad beer #beerbelly
Don't be mad cause I'm doin me better than you doin you
@_chichixo_ LMFAOO YOURE JUST MAD THAT HE HIT IT AND QUIT IT BITCH YOU AINT GOOD FOR NOTHING BUT THE WETTTTTTT THOT ASS BITCH  BYEEEE
Every time I go on Instagram or snapchat I just get instantly mad that everyone is on a beach and I'm in school 
My teacher just asked an African American kid in my class if he would be mad if someone called him a raccoon...
Is your middle name 'Kiddie Pool'? Cause you're being mad shallow #MEGADISS
Mad birthday luv to the best dad/bball coach in world aka Coach Gilli #BringBackTheMulletpic.twitter.com/wof7IMMqzh
@Brandon_ech I heard those are mad good when you're on your menstrual cycle
I'm not even mad that my chipotle burritos is my valentine on Friday
"@NikiRussellxx if you don't see G-Eazy in Boston march 22nd I'm gonna be so mad at you. If you don't know him, look him up"
Chinese sounds mad good
Sometimes I just get so mad at the refs
I wonder if Metallica will be mad at the people DVRing the Grammys.
It really makes me mad when people complain about Mr. Rodarmor. He's easily the best teacher at chariho and the coolest guy around 
So mad the Westerlt YMCA is closed... #theoneday #crying
"Last night was mad real, fresh outta Advil Jesus grab the wheel"
What's the point of staying mad at someone???
"everyones out here on twitter complaining about how its mad cold out. idk what youre all saying, my bed couldnt be warmer and comfier"
Saying bye to people you've grown up with you're whole life is mad hard
“@BuTlleRRR: I dip my finger in ranch dressing because its mad good” LMAO mad random.
I bet Jesus smoked mad weed IM AM TH E SON OF GOD
"4-2 loss, way to come out of the second half 2-0 girls, great work!"
Every time I get mad I have to remind myself prison orange is not my color.
Fuck that dumbass show game of throwns can suck a dick I've never been this mad at a show before
Its like one step forward & three steps back no matter what I do you're always mad.
crying all the way to ct. I don't wanna leave ri and I don't want my friends to be alumni. #thissucks
Your always mad #seriously #behappy #foronce
"""@Drakee_YMCMB: You can't stay mad at someone who makes you smile."""
Who you mad at me or yourself ???!
Gettin' turnt mad early with @goondouglas #goodinfluence
"I was told I look ""seductive"" in this pic... But it's mad funny cus I wasn't even trying to be hahahahahaha pic.twitter.com/CJYynX2tXs"
"@KellyyMello ""Clements can't hold my swag. You mad bro? I'm quitting. Deuces. YOLO"""
"Hate to be an asshole but Im soupt lil waynes gonna die, his own fault for drinking mad codeine and the music he doesnt even write sucks"
Mad good night. Happy birthday @acwhatitdo ! @Ahern4oh1 @Tyorms4oh1 @TietzeBeatz @Ally_Ricciardi #erica
Just ordered mad food.
“@riss_bertsch1: I'm still mad the one Taco Bell we go to doesn't have the Baja blast... #badluck” @Shibbs34 @SheerGreatness @pat__murphy
Mad respect to Alpha-Q for takin the dodgeball tourny.
"Would my manager be mad if I told him that I made a customer wait while I air drummed the solo from ""In the Air Tonight""? #YouCantNotDoIt"
"I'm not mad about it, life goes on..."
"RIP @calebmoore mad respect and deepest condolences to your family and those close to you, you will be missed!"
@Jpar69 MAD HOT BLONDE 
"Girls being around each other can share menstrual cycles, right? I think that happened on my TL tonight. Y'all mad as fuck."
Niggas these days be so insecure yo. Type of niggas who get mad that their girl thinks a celebrity is sexy.
S/O to @MeaganAnnn for missing her flight. #newyears and its bullshit my dad isn't mad if I did missed mine he'd hit me
"I hate when some ones mad at me & not tell me why..? Like the hell, be mad then"
If @CarlyRoseMusic doesn't win xfactor I will be so mad. #wishihadhervoice 
You have know right to be even be mad at me kidd
"I still have my DARE shirt from 5th grade , with mad peoples names written on the back lol"
There's a difference between being mad & being disappointed
Your just mad your not chad for Halloween 
“@erikaaaa44: If you go 30 down 102 don't be mad when I ride your ass” pull their hair too ;)
I got a short temper on the low. But I rarely get mad doe... Makes sense right?
When I'm mad all I need to do is talk to one nigga #thankgodfordonaldmaroney #nohomo #niggahasmegeekin
Just got a forward of Corey baker fully clothed but yet his meat is poppin out his fly..I'm mad
YO THAT BEES GOT MAD POLLEN ON IT
"Illegal fireworks,  voooopp wheeep POP, Cops mad...  Cops happy and hang and help light more.   @ Riven Rock http://instagr.am/p/NPfX-pLcq6/ "
"Girls fuck the same niggas and get mad about it. Guys fuck the same girls, give daps and laugh about it."
When you were mad close with someone but then suddenly their a stranger smh <<<<<<<
It feels mad weird driving by URI campus knowing it is no longer my stomping grounds. #depressed
we know you got it bro..pats have mad safety spots now RT “@MattyHans30: Just another bump in the road people! I WILL make it! #believethat”
"Mad weird to me...very rarely will you see every team from one division all
lose the same night  http://yfrog.com/khvmsohj "
Kinda mad I didn't feel this earthquake but then again I'm outside on a lifeguard chair in the wind n everything is already shaking soo...
Soooooooo mad I missed this game but you know @ryankluk is gonna talk about this for the rest of his life
"This girl had an astrology shirt on but it just said ""cancer"" with mad weird designs on it...interesting choice but it's cool you gave me $5"
Just signed up for skoreit.com trying to win some mad cheap tv's
@AshRivera1 mad fun Ilu babe in bed wit u right now goodnight
Its 5 am my bros woke mi up a few hrs ago nd I cant fall asleep nd im soooo mad right now ima flip out today on someone im doin nothin today
Just farted mad next to that girl... Don't know who she is #localsonly
Mad fucking birthdays this week. #word
"Watching Seinfeld this show is mad funny, I was on it but @Wale had me really rocking w/ it after ""More About Nothing"" @MaybachMusicGrp"
Ryan just hit his head mad hard on the door!
I would be the most uninformed person on the planet when it comes to news if it weren't for @jonstank. Give homie a follow for mad retweets!
"A whole mess (all?) of Mad Peck Studio's #mixtape recipes. http://bit.ly/hkcXeO Try 'em out on those new fangled iPods, kids!"
"isn't it weird how Bruno Mars says ""you had your eyes wide open, why were they open?"" mad creepy!!!!! right @allison_v"
#Swishhhhhh!!! RT @SWiSHGANGBaPe #Swishhhhh! 28'S! THE BITCH MAD HER BABY DADDY AIN'T GOT NONE! @jennyj420 [Ding] K.E. ON THE TRACK
Am i the only one that is mad at @50cent for shutting down worldstar?? I ain't even gounna go on that new site.
Making dinner so it's ready for my boyfriend when he gets home from work while watching Mad Men. Has anything changed?
Stuck in mad traffic - see for yourself  @ I-95 South (Rhode Island) http://instagr.am/p/BA2V0/
Re-watching @art&copy on the train home from Boston for some work related wind-down. The real mad men & women.
So mad my foursquare won't connect! Listening to @TheseGreenEyes en route to @thespacect :) http://myloc.me/cP03g
